{
  "IcoMoonType": "selection",
  "icons": [
    {
      "icon": {
        "paths": [],
        "attrs": [],
        "width": 874,
        "isMulticolor": false,
        "isMulticolor2": false,
        "grid": 0,
        "tags": [
          "icon_2"
        ]
      },
      "attrs": [],
      "properties": {
        "order": 10,
        "id": 3,
        "name": "icon_2",
        "prevSize": 32,
        "code": 59648
      },
      "setIdx": 0,
      "setId": 2,
      "iconIdx": 0
    },
    {
      "icon": {
        "paths": [],
        "attrs": [],
        "width": 881,
        "isMulticolor": false,
        "isMulticolor2": false,
        "grid": 0,
        "tags": [
          "men_one"
        ]
      },
      "attrs": [],
      "properties": {
        "order": 11,
        "id": 2,
        "name": "men_one",
        "prevSize": 32,
        "code": 59649
      },
      "setIdx": 0,
      "setId": 2,
      "iconIdx": 1
    },
    {
      "icon": {
        "paths": [],
        "attrs": [],
        "width": 1097,
        "isMulticolor": false,
        "isMulticolor2": false,
        "grid": 0,
        "tags": [
          "men_star"
        ]
      },
      "attrs": [],
      "properties": {
        "order": 12,
        "id": 1,
        "name": "men_star",
        "prevSize": 32,
        "code": 59650
      },
      "setIdx": 0,
      "setId": 2,
      "iconIdx": 2
    },
    {
      "icon": {
        "paths": [],
        "attrs": [],
        "width": 1227,
        "isMulticolor": false,
        "isMulticolor2": false,
        "grid": 0,
        "tags": [
          "note"
        ]
      },
      "attrs": [],
      "properties": {
        "order": 13,
        "id": 0,
        "name": "note",
        "prevSize": 32,
        "code": 59651
      },
      "setIdx": 0,
      "setId": 2,
      "iconIdx": 3
    }
  ],
  "height": 1024,
  "metadata": {
    "name": "icomoon"
  },
  "preferences": {
    "showGlyphs": true,
    "showQuickUse": true,
    "showQuickUse2": true,
    "showSVGs": true,
    "fontPref": {
      "prefix": "icon-",
      "metadata": {
        "fontFamily": "icomoon"
      },
      "metrics": {
        "emSize": 1024,
        "baseline": 6.25,
        "whitespace": 50
      },
      "embed": false
    },
    "imagePref": {
      "prefix": "icon-",
      "png": true,
      "useClassSelector": true,
      "color": 0,
      "bgColor": 16777215,
      "classSelector": ".icon"
    },
    "historySize": 50,
    "showCodes": true,
    "gridSize": 16
  }
}